yearID,teamID,W,L,R,AB,H,BB,SO,HR,ER,2B,3B,HBP,SF,IPouts,HA,BBA,SOA,E,1B,TB,AVG,PA,OBP,SLG,OPS,BB%,K%,ISO,IP,ERA,WHIP,K/9,BB/9,K/BB,WIN%,R/G,DER
2019,BAL,54,108,729,5596,1379,462,1435.0,213,897,252,25,71.0,37.0,4329,1544,561,1248,108,889,2320,0.24642601858470337,6166.0,0.31008757703535517,0.4145818441744103,0.7246694212097655,7.492701913720403,23.272786247161857,0.16815582558970693,1443.0,5.594594594594595,1.4587664587664588,7.783783783783784,3.498960498960499,2.2245989304812834,0.3333333333333333,4.5,0.6388958594730239
2019,BOS,84,78,901,5770,1554,590,1382.0,245,768,345,27,49.0,44.0,4413,1423,605,1633,88,937,2688,0.26932409012131714,6453.0,0.3398419339841934,0.4658578856152513,0.8056998195994447,9.143034247636757,21.41639547497288,0.19653379549393418,1471.0,4.698844323589395,1.3786539768864718,9.991162474507139,3.7015635622025833,2.6991735537190085,0.5185185185185185,5.561728395061729,0.6976355385717697
2019,CHA,72,89,708,5529,1443,378,1549.0,182,769,260,20,66.0,32.0,4238,1438,582,1312,117,981,2289,0.2609875203472599,6005.0,0.31423813488759367,0.4139989148128052,0.7282370497003989,6.294754371357203,25.795170691090757,0.1530113944655453,1412.6666666666667,4.899244926852289,1.4299197734780555,8.358659745162813,3.7078810759792353,2.254295532646048,0.4472049689440994,4.39751552795031,0.641514360313316
2019,CLE,93,69,769,5425,1354,563,1332.0,223,601,286,18,50.0,46.0,4313,1308,450,1508,83,827,2345,0.2495852534562212,6084.0,0.3233070348454964,0.432258064516129,0.7555650993616254,9.253780407626563,21.893491124260358,0.18267281105990782,1437.6666666666667,3.7623463946209132,1.2228147461163923,9.440296777185253,2.817064688152098,3.351111111111111,0.5740740740740741,4.746913580246914,0.7017364657814096
2019,DET,47,114,582,5549,1333,391,1595.0,149,835,292,41,48.0,42.0,4299,1555,536,1368,110,851,2154,0.24022346368715083,6030.0,0.29386401326699835,0.38817805009911693,0.6820420633661153,6.48424543946932,26.45107794361526,0.1479545864119661,1433.0,5.244242847173761,1.4591765526866713,8.591765526866713,3.366364270760642,2.5522388059701493,0.2919254658385093,3.6149068322981366,0.6059266961268521
2019,HOU,107,55,920,5613,1538,645,1166.0,288,595,323,28,66.0,57.0,4387,1205,448,1671,71,899,2781,0.27400676999821844,6381.0,0.3524525936373609,0.49545697487974344,0.8479095685171043,10.10813352139163,18.27299796270177,0.221450204881525,1462.3333333333333,3.661955778436289,1.1303852290859357,10.284248917255528,2.7572372919990884,3.7299107142857144,0.6604938271604939,5.679012345679013,0.7656546489563567
2019,KCA,59,103,691,5496,1356,456,1405.0,162,824,281,40,59.0,42.0,4275,1525,582,1230,73,873,2203,0.24672489082969432,6053.0,0.30910292416983315,0.40083697234352256,0.7099398965133557,7.533454485379151,23.21163059639848,0.15411208151382824,1425.0,5.20421052631579,1.4785964912280702,7.768421052631579,3.6757894736842105,2.11340206185567,0.36419753086419754,4.265432098765432,0.6383782422563586
2019,LAA,72,90,769,5542,1368,586,1276.0,220,820,268,21,67.0,42.0,4328,1417,576,1404,92,859,2338,0.2468422952002887,6237.0,0.32403399070065736,0.4218693612414291,0.7459033519420865,9.395542728876062,20.458553791887123,0.1750270660411404,1442.6666666666667,5.115526802218114,1.3814695009242144,8.758780036968576,3.5933456561922363,2.4375,0.4444444444444444,4.746913580246914,0.6846868884540118
2019,MIN,101,61,939,5732,1547,525,1334.0,307,680,318,23,81.0,41.0,4390,1456,452,1463,111,899,2832,0.2698883461270063,6379.0,0.33751371688352405,0.49406838799720865,0.8315821048807327,8.230130114438,20.912368709829128,0.22418004187020235,1463.3333333333333,4.182232346241458,1.3038724373576311,8.997949886104784,2.7799544419134397,3.2367256637168142,0.6234567901234568,5.796296296296297,0.6950629235237173
2019,NYA,103,59,943,5583,1493,569,1437.0,306,691,290,17,49.0,33.0,4329,1374,507,1534,102,880,2735,0.2674189503850976,6234.0,0.3386268848251524,0.4898799928353932,0.8285068776605455,9.127366057106192,23.051010587102983,0.22246104245029558,1443.0,4.3097713097713095,1.3035343035343034,9.567567567567568,3.1621621621621623,3.0256410256410255,0.6358024691358025,5.820987654320987,0.6979085979860573
2019,OAK,97,65,845,5561,1384,578,1338.0,257,646,292,23,87.0,36.0,4395,1342,477,1299,80,812,2493,0.24887610142060781,6262.0,0.32721175343340786,0.448300665347959,0.7755124187813669,9.230277866496326,21.366975407218142,0.19942456392735117,1465.0,3.9686006825938565,1.2416382252559728,7.980204778156996,2.9303754266211604,2.7232704402515724,0.5987654320987654,5.216049382716049,0.708895552223888
2019,SEA,68,94,758,5500,1305,588,1581.0,239,798,254,28,58.0,37.0,4318,1484,505,1239,132,784,2332,0.23727272727272727,6183.0,0.3155426168526605,0.424,0.7395426168526604,9.509946627850557,25.57011159631247,0.18672727272727271,1439.3333333333333,4.989810097267253,1.3818897637795275,7.747336729967578,3.1577119036591017,2.4534653465346534,0.41975308641975306,4.679012345679013,0.6295399515738499
2019,TBA,96,66,769,5628,1427,542,1493.0,217,598,291,29,73.0,34.0,4423,1274,453,1621,87,890,2427,0.2535536602700782,6277.0,0.32531464075195154,0.4312366737739872,0.7565513145259388,8.6346981041899,23.78524772980723,0.17768301350390903,1474.3333333333333,3.6504634863215015,1.1713768935111915,9.89531991860728,2.765317657698395,3.5783664459161146,0.5925925925925926,4.746913580246914,0.7105263157894737
2019,TEX,78,84,810,5540,1374,534,1578.0,223,808,296,24,67.0,44.0,4314,1515,583,1379,105,831,2387,0.248014440433213,6185.0,0.3193209377526273,0.4308664259927798,0.7501873637454071,8.633791430881164,25.51333872271625,0.1828519855595668,1438.0,5.057023643949931,1.458970792767733,8.630737134909596,3.648817802503477,2.3653516295025727,0.48148148148148145,5.0,0.6307163626751255
2019,TOR,67,95,726,5493,1299,509,1514.0,247,767,270,21,45.0,28.0,4321,1450,604,1332,96,761,2352,0.2364827962861824,6075.0,0.30502057613168726,0.4281813216821409,0.7332018978138282,8.378600823045268,24.92181069958848,0.1916985253959585,1440.3333333333333,4.7926405924554505,1.4260587826891924,8.323073362647536,3.7741263596389727,2.205298013245033,0.41358024691358025,4.481481481481482,0.6545212765957447
2019,ARI,85,77,813,5633,1419,540,1360.0,220,691,288,40,70.0,40.0,4395,1400,516,1427,86,871,2447,0.25190839694656486,6283.0,0.32293490370841954,0.4344044026273744,0.7573393063357939,8.594620404265479,21.645710647779723,0.18249600568080954,1465.0,4.245051194539249,1.307849829351536,8.766552901023891,3.169965870307167,2.7655038759689923,0.5246913580246914,5.018518518518518,0.6906914243830931
2019,ATL,97,65,855,5560,1432,619,1467.0,249,675,277,29,60.0,35.0,4352,1421,548,1393,78,877,2514,0.25755395683453236,6274.0,0.33646796302199555,0.45215827338129494,0.7886262364032905,9.866114121772394,23.38221230474976,0.19460431654676258,1450.6666666666667,4.1877297794117645,1.3573069852941175,8.642233455882353,3.399816176470588,2.541970802919708,0.5987654320987654,5.277777777777778,0.6777519979376128
2019,CHN,84,78,814,5461,1378,581,1460.0,256,657,270,26,83.0,39.0,4326,1376,534,1444,118,826,2468,0.252334737227614,6164.0,0.3312783906554186,0.45193188060794726,0.7832102712633658,9.425697598961714,23.685918234912396,0.19959714338033324,1442.0,4.100554785020805,1.3245492371705965,9.0124826629681,3.332871012482663,2.704119850187266,0.5185185185185185,5.0246913580246915,0.6728329809725159
2019,CIN,75,87,701,5450,1328,492,1436.0,227,668,235,27,89.0,33.0,4314,1270,536,1552,91,839,2298,0.2436697247706422,6064.0,0.31480870712401055,0.421651376146789,0.7364600832707995,8.113456464379947,23.680738786279683,0.1779816513761468,1438.0,4.180806675938804,1.2559109874826146,9.713490959666203,3.3546592489568847,2.8955223880597014,0.46296296296296297,4.327160493827161,0.7031413612565445
2019,COL,71,91,835,5660,1502,489,1503.0,224,895,323,41,43.0,43.0,4346,1576,589,1264,97,914,2579,0.2653710247349823,6235.0,0.3262229350441059,0.4556537102473498,0.7818766452914556,7.842822774659182,24.105854049719326,0.1902826855123675,1448.6666666666667,5.56028531983433,1.4944776806258628,7.85273815002301,3.6592268752876205,2.1460101867572154,0.4382716049382716,5.154320987654321,0.6355633802816901
2019,LAN,106,56,886,5493,1414,607,1356.0,279,541,302,20,81.0,45.0,4337,1201,392,1519,106,813,2593,0.2574185326779538,6226.0,0.3376164471570832,0.4720553431640269,0.8096717903211101,9.749437841310634,21.77963379376807,0.21463681048607314,1445.6666666666667,3.3679963108139264,1.101913765275536,9.456536776573667,2.440396587502882,3.875,0.654320987654321,5.469135802469136,0.7366128619011016
2019,MIA,57,105,615,5512,1326,395,1469.0,146,760,265,18,73.0,33.0,4333,1340,615,1378,94,897,2065,0.24056603773584906,6013.0,0.298353567270913,0.37463715529753266,0.6729907225684457,6.569100282720772,24.430400798270412,0.1340711175616836,1444.3333333333333,4.735748903761828,1.3535656588968383,8.586660512347104,3.832217862912532,2.240650406504065,0.35185185185185186,3.7962962962962963,0.672264631043257
2019,MIL,89,73,769,5542,1366,629,1563.0,250,713,279,17,72.0,38.0,4378,1364,570,1497,97,820,2429,0.24648141465175027,6281.0,0.3290877248845725,0.43828942619992783,0.7673771510845003,10.014328928514567,24.884572520299315,0.19180801154817756,1459.3333333333333,4.397213339424395,1.325262677021471,9.232297852900869,3.5153037916857013,2.626315789473684,0.5493827160493827,4.746913580246914,0.6785240244226174
2019,NYN,86,76,791,5624,1445,516,1384.0,242,688,280,17,95.0,27.0,4383,1405,500,1520,99,906,2485,0.25693456614509247,6262.0,0.3283296071542638,0.44185633001422475,0.7701859371684885,8.240178856595337,22.1015649952092,0.18492176386913228,1461.0,4.238193018480493,1.3039014373716633,9.363449691991786,3.080082135523614,3.04,0.5308641975308642,4.882716049382716,0.6864596273291925
2019,PHI,81,81,774,5571,1369,562,1453.0,215,731,311,26,57.0,34.0,4361,1452,546,1392,97,817,2377,0.24573685155268354,6224.0,0.3194087403598972,0.4266738467061569,0.7460825870660541,9.029562982005142,23.34511568123393,0.18093699515347333,1453.6666666666667,4.525796835588167,1.374455400137583,8.618206833295115,3.380417335473515,2.5494505494505493,0.5,4.777777777777778,0.6611633223266447
2019,PIT,69,93,758,5657,1497,425,1213.0,163,829,315,38,63.0,34.0,4320,1511,584,1443,121,981,2377,0.26462789464380415,6179.0,0.3212493931056805,0.42018737846915327,0.7414367715748338,6.878135620650591,19.631008253762744,0.15555948382534912,1440.0,5.18125,1.4548611111111112,9.01875,3.65,2.470890410958904,0.42592592592592593,4.679012345679013,0.6595596755504056
2019,SDN,70,92,682,5391,1281,504,1581.0,219,732,224,24,55.0,31.0,4296,1394,463,1475,116,814,2210,0.2376182526432944,5981.0,0.3076408627319846,0.40994249675384903,0.7175833594858336,8.42668450091958,26.433706738003675,0.17232424411055464,1432.0,4.600558659217877,1.2967877094972067,9.270251396648044,2.9099162011173183,3.185745140388769,0.43209876543209874,4.209876543209877,0.6435670900055218
2019,SFN,77,85,678,5579,1332,475,1435.0,167,715,300,26,50.0,42.0,4407,1395,519,1368,90,839,2185,0.23875246459939056,6146.0,0.3021477383664172,0.39164724861086214,0.6937949869772793,7.728603970061829,23.34851936218679,0.15289478401147158,1469.0,4.380530973451328,1.302927161334241,8.381211708645337,3.179714091218516,2.6358381502890174,0.47530864197530864,4.185185185185185,0.6720577258024385
2019,SLN,91,71,764,5449,1336,561,1420.0,210,609,246,24,76.0,39.0,4332,1284,545,1399,66,856,2260,0.2451826023123509,6125.0,0.32212244897959186,0.41475500091759954,0.7368774498971914,9.159183673469387,23.183673469387756,0.16957239860524864,1444.0,3.7957063711911356,1.2666204986149585,8.719529085872576,3.396814404432133,2.5669724770642204,0.5617283950617284,4.716049382716049,0.7045101088646968
2019,WAS,93,69,873,5512,1460,584,1308.0,231,683,298,27,81.0,42.0,4318,1340,517,1511,87,904,2505,0.2648766328011611,6219.0,0.34169480623894516,0.45446298984034833,0.7961577960792935,9.3905772632256,21.032320308731308,0.18958635703918725,1439.3333333333333,4.2707271885132005,1.2901806391848079,9.44812413154238,3.2327466419638724,2.9226305609284333,0.5740740740740741,5.388888888888889,0.7021170610211707
2020,BAL,25,35,274,2026,523,164,514.0,77,260,102,7,27.0,10.0,1556,489,192,487,43,337,870,0.2581441263573544,2227.0,0.32061068702290074,0.42941757156959526,0.750028258592496,7.364167040862146,23.080377189043556,0.17127344521224086,518.6666666666666,4.5115681233933165,1.3129820051413883,8.450514138817482,3.3316195372750643,2.5364583333333335,0.4166666666666667,4.566666666666666,0.685121107266436
2020,BOS,24,36,292,2083,552,187,545.0,81,325,118,7,21.0,9.0,1572,587,252,537,45,346,927,0.2650024003840615,2300.0,0.33043478260869563,0.44503120499279886,0.7754659876014944,8.130434782608695,23.695652173913043,0.18002880460873738,524.0,5.5820610687022905,1.6011450381679388,9.223282442748092,4.32824427480916,2.130952380952381,0.4,4.866666666666666,0.6241473396998636
2020,CHA,35,25,306,2047,534,179,571.0,96,223,94,6,24.0,13.0,1581,448,217,523,38,338,928,0.2608695652173913,2263.0,0.3256738842244808,0.45334636052760136,0.7790202447520822,7.909854175872735,25.231992929739285,0.19247679531021006,527.0,3.8083491461100567,1.2618595825426946,8.93168880455408,3.7058823529411766,2.410138248847926,0.5833333333333334,5.1,0.7200287150035893
2020,CLE,35,25,248,1959,446,239,517.0,59,196,96,5,24.0,16.0,1608,440,157,621,30,286,729,0.2276671771311894,2238.0,0.31680071492403933,0.3721286370597244,0.6889293519837637,10.67917783735478,23.100983020554068,0.14446145992853499,536.0,3.291044776119403,1.1138059701492538,10.427238805970148,2.6361940298507465,3.9554140127388533,0.5833333333333334,4.133333333333334,0.7062187276626162
2020,DET,23,35,249,1893,463,147,567.0,62,308,78,12,19.0,14.0,1477,511,192,444,27,311,751,0.2445853143159007,2073.0,0.3034249879401833,0.3967247754886424,0.7001497634288256,7.091172214182344,27.35166425470333,0.15213946117274169,492.3333333333333,5.630331753554502,1.4278943805010156,8.116452268111036,3.509817197020989,2.3125,0.39655172413793105,4.293103448275862,0.6275430359937402
2020,HOU,29,31,279,1992,478,192,440.0,69,251,103,12,23.0,13.0,1572,472,217,526,20,294,812,0.2399598393574297,2220.0,0.31216216216216214,0.40763052208835343,0.7197926842505156,8.64864864864865,19.81981981981982,0.16767068273092373,524.0,4.311068702290076,1.3148854961832062,9.034351145038167,3.7270992366412212,2.423963133640553,0.48333333333333334,4.65,0.7172459893048129
2020,KCA,26,34,248,1988,485,172,527.0,68,247,97,7,18.0,10.0,1551,500,211,517,31,313,800,0.24396378269617705,2188.0,0.30850091407678243,0.4024144869215292,0.7109154009983116,7.861060329067642,24.085923217550274,0.15845070422535215,517.0,4.299806576402321,1.3752417794970986,9.0,3.6731141199226305,2.4502369668246446,0.43333333333333335,4.133333333333334,0.6699928724162509
2020,LAA,26,34,294,2020,501,239,490.0,85,297,97,8,25.0,18.0,1576,492,199,523,36,311,869,0.24801980198019802,2302.0,0.33231972198088616,0.4301980198019802,0.7625177417828664,10.382276281494352,21.285838401390095,0.18217821782178217,525.3333333333334,5.088197969543147,1.3153553299492384,8.96002538071066,3.409263959390863,2.628140703517588,0.43333333333333335,4.9,0.6971975393028025
2020,MIN,36,24,269,1937,468,186,528.0,91,204,81,3,29.0,14.0,1540,448,170,535,20,293,828,0.24161073825503357,2166.0,0.31532779316712833,0.42746515229736703,0.7427929454644954,8.587257617728532,24.37673130193906,0.18585441404233347,513.3333333333334,3.576623376623376,1.2038961038961038,9.37987012987013,2.9805194805194803,3.1470588235294117,0.6,4.483333333333333,0.7169669669669669
2020,NYA,33,27,315,1915,473,251,480.0,94,242,87,7,30.0,11.0,1502,455,168,528,48,285,856,0.24699738903394255,2207.0,0.3416402356139556,0.44699738903394254,0.7886376246478981,11.37290439510648,21.74898051653829,0.19999999999999998,500.6666666666667,4.350199733688415,1.244340878828229,9.491344873501998,3.0199733688415447,3.142857142857143,0.55,5.25,0.6974852071005917
2020,OAK,36,24,274,1908,430,238,524.0,71,216,91,11,39.0,14.0,1546,471,165,506,26,257,756,0.22536687631027252,2199.0,0.3215097771714416,0.39622641509433965,0.7177361922657812,10.823101409731697,23.82901318781264,0.17085953878406712,515.3333333333334,3.7723156532988353,1.2341526520051747,8.836998706338939,2.8816300129366104,3.066666666666667,0.6,4.566666666666666,0.678975131876413
2020,SEA,27,33,254,1929,435,207,545.0,60,289,88,5,30.0,12.0,1550,482,230,469,23,282,713,0.2255054432348367,2178.0,0.3085399449035813,0.3696215655780197,0.678161510481601,9.50413223140496,25.02295684113866,0.14411612234318297,516.6666666666666,5.034193548387097,1.3780645161290324,8.169677419354839,4.006451612903226,2.0391304347826087,0.45,4.233333333333333,0.6669161676646707
2020,TBA,40,20,289,1975,470,243,608.0,80,209,105,12,28.0,14.0,1583,475,168,552,33,273,839,0.2379746835443038,2260.0,0.32787610619469026,0.42481012658227846,0.7526862327769688,10.75221238938053,26.902654867256636,0.18683544303797467,527.6666666666666,3.564750473783955,1.2185723310170564,9.415034744156666,2.865445356917246,3.2857142857142856,0.6666666666666666,4.816666666666666,0.671022290545734
2020,TEX,22,38,224,1936,420,167,548.0,62,288,80,9,24.0,18.0,1550,479,236,489,40,269,704,0.21694214876033058,2145.0,0.28484848484848485,0.36363636363636365,0.6484848484848484,7.785547785547786,25.547785547785544,0.14669421487603307,516.6666666666666,5.016774193548388,1.3838709677419356,8.518064516129034,4.110967741935484,2.0720338983050848,0.36666666666666664,3.7333333333333334,0.6599702380952381
2020,TOR,32,28,302,2023,516,203,508.0,88,268,104,4,12.0,14.0,1574,517,250,519,38,320,892,0.2550667325753831,2252.0,0.32460035523978686,0.44092931290163123,0.7655296681414181,9.014209591474245,22.55772646536412,0.18586258032624814,524.6666666666666,4.59720457433291,1.4618805590851336,8.90279542566709,4.288437102922491,2.076,0.5333333333333333,5.033333333333333,0.6759195003469813
2020,ARI,25,35,269,1997,482,181,461.0,58,279,101,12,36.0,23.0,1555,506,235,524,35,311,781,0.24136204306459688,2237.0,0.31247206079570855,0.3910866299449174,0.7035586907406259,8.09119356280733,20.607957085382207,0.1497245868803205,518.3333333333334,4.844372990353698,1.4295819935691316,9.0983922829582,4.080385852090032,2.2297872340425533,0.4166666666666667,4.483333333333333,0.6782145236508994
2020,ATL,35,25,348,2074,556,239,573.0,103,257,130,3,23.0,7.0,1573,494,220,506,33,320,1001,0.26808100289296044,2343.0,0.34912505335040545,0.48264223722275795,0.8317672905731635,10.200597524541188,24.455825864276566,0.2145612343297975,524.3333333333334,4.411315956770502,1.361729179910998,8.685314685314685,3.776223776223776,2.3,0.5833333333333334,5.8,0.698220640569395
2020,CHN,34,26,265,1918,422,229,568.0,74,230,82,8,52.0,13.0,1555,451,182,523,30,258,742,0.22002085505735142,2212.0,0.3178119349005425,0.38686131386861317,0.7046732487691556,10.35262206148282,25.678119349005424,0.16684045881126175,518.3333333333334,3.993569131832797,1.2212218649517683,9.081028938906751,3.160128617363344,2.8736263736263736,0.5666666666666667,4.416666666666667,0.6842513576415826
2020,CIN,31,29,243,1842,390,239,534.0,90,215,76,3,33.0,7.0,1512,401,213,615,27,221,742,0.21172638436482086,2121.0,0.31211692597831214,0.4028230184581976,0.7149399444365098,11.268269684111267,25.176803394625175,0.19109663409337677,504.0,3.8392857142857144,1.2182539682539681,10.982142857142858,3.8035714285714284,2.887323943661972,0.5166666666666667,4.05,0.7240816326530612
2020,COL,26,34,275,2057,528,161,543.0,63,327,84,16,10.0,19.0,1579,579,205,393,42,365,833,0.25668449197860965,2247.0,0.31108144192256343,0.4049586776859504,0.7160401196085138,7.165109034267912,24.16555407209613,0.14827418570734074,526.3333333333334,5.591513616212793,1.4895503483217225,6.7200759974667506,3.50538315389487,1.9170731707317072,0.43333333333333335,4.583333333333333,0.6204081632653061
2020,LAN,43,17,349,2042,523,228,471.0,118,181,97,6,30.0,12.0,1616,424,145,517,40,302,986,0.25612144955925564,2312.0,0.33780276816608995,0.4828599412340842,0.8206627094001742,9.86159169550173,20.3719723183391,0.22673849167482857,538.6666666666666,3.024133663366337,1.056311881188119,8.637995049504951,2.422648514851485,3.56551724137931,0.7166666666666667,5.816666666666666,0.7638225255972696
2020,MIA,31,29,263,1935,472,191,537.0,60,272,82,5,25.0,9.0,1512,506,226,451,39,325,744,0.24392764857881136,2160.0,0.31851851851851853,0.38449612403100775,0.7030146425495263,8.842592592592592,24.86111111111111,0.1405684754521964,504.0,4.857142857142857,1.4523809523809523,8.053571428571429,4.035714285714286,1.9955752212389382,0.5166666666666667,4.383333333333334,0.6399406087602079
2020,MIL,29,31,247,1920,429,221,582.0,75,239,83,5,35.0,10.0,1552,446,189,614,34,266,747,0.2234375,2186.0,0.31335773101555353,0.3890625,0.7024202310155535,10.109789569990852,26.623970722781337,0.16562499999999997,517.3333333333334,4.157860824742268,1.2274484536082473,10.681701030927835,3.2880154639175254,3.248677248677249,0.48333333333333334,4.116666666666666,0.6818538884524745
2020,NYN,26,34,286,2023,551,197,498.0,86,284,106,7,45.0,13.0,1540,511,219,574,32,352,929,0.2723677706376668,2278.0,0.3481123792800702,0.4592189817103312,0.8073313609904014,8.647936786654961,21.8612818261633,0.1868512110726644,513.3333333333334,4.979220779220779,1.422077922077922,10.063636363636363,3.8396103896103893,2.6210045662100456,0.43333333333333335,4.766666666666667,0.6852617079889807
2020,PHI,28,32,306,1948,500,229,480.0,82,284,90,10,28.0,10.0,1491,550,185,532,35,318,856,0.25667351129363447,2215.0,0.3417607223476298,0.4394250513347023,0.781185773682332,10.338600451467268,21.670428893905193,0.1827515400410678,497.0,5.142857142857143,1.4788732394366197,9.633802816901408,3.3501006036217302,2.8756756756756756,0.4666666666666667,5.1,0.6396848137535817
2020,PIT,19,41,219,1932,425,167,521.0,59,267,76,6,11.0,15.0,1539,451,249,536,47,284,690,0.21997929606625258,2125.0,0.2837647058823529,0.35714285714285715,0.6409075630252101,7.858823529411765,24.51764705882353,0.13716356107660457,513.0,4.684210526315789,1.364522417153996,9.403508771929825,4.368421052631579,2.1526104417670684,0.31666666666666665,3.65,0.6788588149231894
2020,SDN,37,23,325,1972,506,204,479.0,95,223,103,12,28.0,14.0,1561,456,170,565,32,296,918,0.2565922920892495,2218.0,0.3327321911632101,0.46551724137931033,0.7982494325425205,9.197475202885483,21.596032461677186,0.20892494929006084,520.3333333333334,3.8571428571428568,1.2030749519538757,9.772581678411274,2.940422805893658,3.323529411764706,0.6166666666666667,5.416666666666667,0.721671388101983
2020,SFN,29,31,299,2019,532,195,499.0,81,267,107,14,27.0,13.0,1553,474,210,488,41,330,910,0.26349678058444775,2254.0,0.33451641526175685,0.45071817731550273,0.7852345925772596,8.65128660159716,22.138420585625553,0.18722139673105498,517.6666666666666,4.641983258209916,1.321313586606568,8.484224082421122,3.6509980682549905,2.323809523809524,0.48333333333333334,4.983333333333333,0.7011019283746556
2020,SLN,30,28,240,1752,410,205,477.0,51,205,73,7,33.0,16.0,1419,376,204,464,33,279,650,0.23401826484018265,2006.0,0.3230309072781655,0.3710045662100457,0.6940354734882113,10.219341974077768,23.778664007976072,0.13698630136986303,473.0,3.9006342494714588,1.2262156448202959,8.828752642706132,3.8816067653276956,2.2745098039215685,0.5172413793103449,4.137931034482759,0.7112903225806452
2020,WAS,26,34,293,1968,519,192,451.0,66,285,112,12,32.0,21.0,1511,548,216,508,39,329,853,0.26371951219512196,2213.0,0.3357433348395843,0.4334349593495935,0.7691782941891778,8.67600542250339,20.379575237234523,0.1697154471544715,503.6666666666667,5.092653871608206,1.5168762409000662,9.077432164129714,3.85969556585043,2.3518518518518516,0.43333333333333335,4.883333333333334,0.6460597826086957
2021,BAL,52,110,659,5420,1296,451,1454.0,195,910,266,15,65.0,31.0,4206,1518,563,1234,74,820,2177,0.23911439114391145,5967.0,0.3036701860231272,0.40166051660516605,0.7053307026282932,7.558236970001676,24.367353779118485,0.1625461254612546,1402.0,5.841654778887304,1.4843081312410842,7.921540656205421,3.6141226818830243,2.191829484902309,0.32098765432098764,4.067901234567901,0.6325618095739085
2021,BOS,92,70,829,5495,1434,512,1386.0,219,671,330,23,61.0,42.0,4257,1409,546,1527,108,862,2467,0.26096451319381253,6110.0,0.32847790507364977,0.44895359417652414,0.7774314992501739,8.379705400981997,22.684124386252048,0.1879890809827116,1419.0,4.255813953488372,1.3777307963354475,9.684989429175475,3.463002114164905,2.7967032967032965,0.5679012345679012,5.117283950617284,0.6698880976602237
2021,CHA,93,69,796,5357,1373,586,1389.0,190,581,275,22,78.0,39.0,4210,1205,485,1588,97,886,2262,0.25630016800448013,6060.0,0.33613861386138616,0.4222512600336009,0.758389873894987,9.669966996699669,22.92079207920792,0.16595109202912078,1403.3333333333333,3.726128266033254,1.2042755344418052,10.184323040380049,3.1104513064133017,3.2742268041237113,0.5740740740740741,4.91358024691358,0.7086717317264868
2021,CLE,80,82,717,5332,1269,453,1387.0,203,679,248,22,64.0,36.0,4224,1281,522,1391,86,796,2170,0.23799699924981246,5885.0,0.30348343245539505,0.4069767441860465,0.7104601766414416,7.697536108751062,23.56839422259983,0.16897974493623405,1408.0,4.340198863636363,1.2805397727272727,8.891335227272727,3.336647727272727,2.664750957854406,0.49382716049382713,4.425925925925926,0.6919004764425623
2021,DET,77,85,697,5376,1299,490,1514.0,179,681,236,37,44.0,50.0,4259,1370,571,1259,83,847,2146,0.24162946428571427,5960.0,0.3075503355704698,0.3991815476190476,0.7067318831895174,8.221476510067115,25.40268456375839,0.15755208333333334,1419.6666666666667,4.317210612819911,1.3672223526649447,7.9814510448462075,3.619863817797605,2.2049036777583186,0.47530864197530864,4.302469135802469,0.658719528529333
2021,HOU,95,67,863,5593,1496,569,1222.0,221,607,299,14,64.0,54.0,4335,1231,549,1456,69,962,2486,0.2674772036474164,6280.0,0.3390127388535032,0.44448417664938317,0.7834969155028864,9.060509554140127,19.45859872611465,0.17700697300196677,1445.0,3.780622837370242,1.231833910034602,9.068512110726644,3.419377162629758,2.652094717668488,0.5864197530864198,5.327160493827161,0.7433396764985728
2021,KCA,74,88,686,5427,1349,421,1258.0,163,731,251,29,55.0,52.0,4252,1375,591,1344,84,906,2147,0.24857195503961674,5955.0,0.3064651553316541,0.3956145199926294,0.7020796753242835,7.069689336691856,21.12510495382032,0.14704256495301268,1417.3333333333333,4.641815616180621,1.3871119473189089,8.534336782690499,3.7528222013170276,2.2741116751269037,0.4567901234567901,4.234567901234568,0.6806308526367668
2021,LAA,77,85,723,5437,1331,464,1394.0,190,741,265,23,59.0,25.0,4265,1373,592,1453,88,853,2212,0.24480411991907303,5985.0,0.3097744360902256,0.4068420084605481,0.7166164445507737,7.752715121136173,23.29156223893066,0.16203788854147505,1421.6666666666667,4.690973036342321,1.3821805392731534,9.198358733880422,3.7477139507620163,2.454391891891892,0.47530864197530864,4.462962962962963,0.6722537390407426
2021,MIN,73,89,729,5431,1311,525,1405.0,228,762,271,17,70.0,42.0,4258,1392,484,1317,107,795,2300,0.24139200883815135,6068.0,0.3141067897165458,0.42349475234763395,0.7376015420641797,8.651944627554384,23.1542518127884,0.1821027435094826,1419.3333333333333,4.8318459370596525,1.3217472992015031,8.3511038046031,3.069046500704556,2.7210743801652892,0.4506172839506173,4.5,0.6690104166666666
2021,NYA,92,70,711,5331,1266,621,1482.0,222,596,213,12,63.0,34.0,4306,1243,492,1569,98,819,2169,0.23747889701744512,6049.0,0.3223673334435444,0.4068655036578503,0.7292328371013947,10.26615969581749,24.499917341709374,0.16938660664040517,1435.3333333333333,3.7371110078959595,1.2087784486762658,9.838132837900604,3.0849976776590804,3.1890243902439024,0.5679012345679012,4.388888888888889,0.6943458071565146
2021,OAK,86,76,743,5395,1284,545,1349.0,199,640,271,19,98.0,49.0,4299,1362,439,1332,72,795,2190,0.23799814643188136,6087.0,0.31657631016921306,0.40593141797961074,0.7225077281488238,8.953507474946608,22.161984557253163,0.16793327154772938,1433.0,4.019539427773901,1.2568039078855548,8.36566643405443,2.75715282623866,3.0341685649202734,0.5308641975308642,4.58641975308642,0.6830082135523614
2021,SEA,90,72,697,5355,1209,535,1492.0,199,688,233,11,72.0,36.0,4321,1356,485,1328,79,766,2061,0.2257703081232493,5998.0,0.3027675891963988,0.38487394957983195,0.6876415387762307,8.919639879959988,24.874958319439813,0.15910364145658265,1440.3333333333333,4.299004859986114,1.278176348067577,8.298079148345291,3.030548484147188,2.7381443298969073,0.5555555555555556,4.302469135802469,0.665945945945946
2021,TBA,100,62,857,5507,1336,585,1542.0,222,593,288,36,72.0,41.0,4367,1264,436,1478,80,790,2362,0.2426003268567278,6205.0,0.32119258662369055,0.42890866170328673,0.7501012483269773,9.427880741337631,24.85092667203868,0.18630833484655893,1455.6666666666667,3.666361346462102,1.1678497824593541,9.138081062514312,2.6956720861002976,3.389908256880734,0.6172839506172839,5.290123456790123,0.7034883720930232
2021,TEX,60,102,625,5405,1254,433,1381.0,167,758,225,24,58.0,31.0,4273,1402,513,1239,83,838,2028,0.23200740055504163,5927.0,0.29441538721106797,0.3752081406105458,0.6696235278216138,7.305550868905011,23.300151847477647,0.14320074005550418,1424.3333333333333,4.789609173882519,1.34448864966066,7.828925813245964,3.241516498946876,2.415204678362573,0.37037037037037035,3.8580246913580245,0.6610082304526749
2021,TOR,91,71,846,5476,1455,496,1218.0,262,610,285,13,51.0,35.0,4216,1257,473,1468,90,895,2552,0.26570489408327247,6058.0,0.33047210300429186,0.4660336011687363,0.7965057041730281,8.187520633872564,20.10564542753384,0.20032870708546385,1405.3333333333333,3.9065464895635675,1.231024667931689,9.401328273244783,3.0291745730550286,3.1035940803382664,0.5617283950617284,5.222222222222222,0.7308360208385016
2021,ARI,52,110,679,5489,1297,537,1465.0,144,804,308,31,54.0,28.0,4252,1480,555,1238,100,814,2099,0.23629076334487156,6108.0,0.3091028159790439,0.38240116596830026,0.6915039819473441,8.791748526522593,23.984937786509498,0.1461104026234287,1417.3333333333333,5.105362182502352,1.4357949200376294,7.861241768579492,3.5242238946378177,2.2306306306306305,0.32098765432098764,4.191358024691358,0.6325486182190379
2021,ATL,88,73,790,5363,1307,549,1453.0,239,608,269,20,67.0,43.0,4232,1237,516,1417,71,779,2333,0.24370688047734476,6022.0,0.3193291265360345,0.43501771396606376,0.7543468405020983,9.116572567253405,24.128196612421124,0.191310833488719,1410.6666666666667,3.879017013232514,1.2426748582230622,9.040406427221171,3.2920604914933835,2.746124031007752,0.546583850931677,4.906832298136646,0.7121701669359182
2021,CHN,71,91,705,5306,1255,502,1596.0,210,765,225,26,92.0,30.0,4238,1386,596,1358,87,794,2162,0.23652468903128535,5930.0,0.3118043844856661,0.4074632491519035,0.7192676336375696,8.465430016863406,26.91399662731872,0.17093856012061817,1412.6666666666667,4.8737612081170365,1.4030202925908446,8.651722510618216,3.797074091552619,2.278523489932886,0.4382716049382716,4.351851851851852,0.6422096317280453
2021,CIN,83,79,786,5423,1352,553,1425.0,222,702,295,13,105.0,45.0,4303,1330,617,1524,91,822,2339,0.249308500829799,6126.0,0.3281096963761019,0.4313110824267011,0.7594207788028029,9.027097616715638,23.261508325171402,0.18200258159690208,1434.3333333333333,4.404833836858006,1.3574250522891007,9.56263072275157,3.8714850104578202,2.4700162074554295,0.5123456790123457,4.851851851851852,0.686207799005496
2021,COL,74,87,739,5374,1338,491,1356.0,182,748,275,34,58.0,36.0,4191,1397,539,1269,73,847,2227,0.24897655377744696,5959.0,0.3166638697768082,0.4144026795682918,0.7310665493451001,8.239637523074341,22.755495888571907,0.16542612579084484,1397.0,4.818897637795276,1.3858267716535433,8.175375805297065,3.47244094488189,2.354359925788497,0.45962732919254656,4.590062111801243,0.6673553719008265
2021,LAN,106,56,830,5445,1330,613,1408.0,237,486,247,24,104.0,45.0,4356,1107,486,1599,89,822,2336,0.24426078971533516,6207.0,0.3297889479619784,0.4290174471992654,0.7588063951612438,9.875946512002578,22.6840663766715,0.18475665748393022,1452.0,3.012396694214876,1.0971074380165289,9.911157024793388,3.012396694214876,3.2901234567901234,0.654320987654321,5.1234567901234565,0.7505851755526658
2021,MIA,67,95,623,5348,1244,450,1553.0,158,622,226,23,65.0,30.0,4245,1282,529,1381,122,837,1990,0.23261032161555723,5893.0,0.2984897335822162,0.37210172026925953,0.6705914538514757,7.63617851688444,26.353300526047853,0.1394913986537023,1415.0,3.956183745583039,1.2798586572438162,8.783745583038868,3.3646643109540637,2.610586011342155,0.41358024691358025,3.845679012345679,0.6602127079356422
2021,MIL,95,67,738,5362,1251,586,1465.0,194,558,255,18,88.0,35.0,4308,1156,537,1618,94,784,2124,0.23330846698992913,6071.0,0.3170812057321693,0.3961208504289444,0.7132020561611137,9.652446055015648,24.13111513753912,0.16281238343901527,1436.0,3.497214484679666,1.1789693593314763,10.14066852367688,3.365598885793872,3.0130353817504654,0.5864197530864198,4.555555555555555,0.7174959871589085
2021,NYN,77,85,636,5210,1243,495,1392.0,176,597,228,18,94.0,23.0,4138,1221,475,1453,95,821,2035,0.23857965451055663,5822.0,0.314668498797664,0.390595009596929,0.7052635083945931,8.50223290965304,23.909309515630365,0.15201535508637237,1379.3333333333333,3.8953600773320445,1.2295795070082165,9.480666988883518,3.0993233446109234,3.0589473684210526,0.47530864197530864,3.925925925925926,0.688949522510232
2021,PHI,82,80,734,5366,1288,564,1402.0,198,692,262,24,67.0,43.0,4256,1321,509,1480,94,804,2192,0.24002981736861723,6040.0,0.3177152317880795,0.40849795005590755,0.726213181843987,9.33774834437086,23.211920529801326,0.16846813268729033,1418.6666666666667,4.390037593984962,1.2899436090225562,9.389097744360901,3.2290883458646613,2.907662082514735,0.5061728395061729,4.530864197530864,0.6804935678655815
2021,PIT,61,101,609,5336,1261,529,1328.0,124,788,240,35,49.0,37.0,4189,1400,606,1312,70,862,1943,0.2363193403298351,5951.0,0.3090236934968913,0.3641304347826087,0.6731541282794999,8.889262308855654,22.315577213913627,0.1278110944527736,1396.3333333333333,5.079016471711626,1.4366197183098592,8.456433516352352,3.905944139412748,2.165016501650165,0.3765432098765432,3.759259259259259,0.6567202244325427
2021,SDN,79,83,729,5384,1305,586,1324.0,180,651,273,21,61.0,46.0,4290,1277,516,1517,82,831,2160,0.2423848439821694,6077.0,0.3212111239098239,0.4011887072808321,0.7223998311906561,9.642915912456804,21.787065986506498,0.15880386329866272,1430.0,4.097202797202797,1.2538461538461538,9.547552447552448,3.2475524475524478,2.939922480620155,0.4876543209876543,4.5,0.6996943453897096
2021,SFN,107,55,804,5462,1360,602,1461.0,241,524,271,25,64.0,30.0,4365,1254,416,1425,80,823,2404,0.24899304284145002,6158.0,0.32900292302695683,0.4401318198462102,0.769134742873167,9.775901266645015,23.72523546606041,0.19113877700476017,1455.0,3.241237113402062,1.147766323024055,8.814432989690722,2.57319587628866,3.425480769230769,0.6604938271604939,4.962962962962963,0.7116094986807389
2021,SLN,90,72,706,5351,1303,478,1341.0,198,626,261,22,86.0,44.0,4251,1234,608,1225,84,822,2202,0.24350588675014015,5959.0,0.3133076019466353,0.41151186694075875,0.7248194688873941,8.021480114113107,22.503775801308944,0.1680059801906186,1417.0,3.9760056457304165,1.2999294283697953,7.780522230063514,3.861679604798871,2.0148026315789473,0.5555555555555556,4.3580246913580245,0.7095435684647302
2021,WAS,65,97,724,5385,1388,573,1303.0,182,743,272,20,84.0,31.0,4183,1364,548,1346,96,914,2246,0.257753017641597,6073.0,0.33673637411493496,0.4170844939647168,0.7538208680796518,9.435205005763214,21.455623250452824,0.15933147632311978,1394.3333333333333,4.795840306000478,1.3712646426010042,8.68802295003586,3.537174276834808,2.4562043795620436,0.4012345679012346,4.469135802469136,0.6748918850165353
2022,BAL,83,79,674,5429,1281,476,1390.0,171,632,275,25,83.0,43.0,4300,1406,443,1214,91,810,2119,0.23595505617977527,6031.0,0.3050903664400597,0.39031129121385155,0.6954016576539113,7.892555131818936,23.04758746476538,0.15435623503407628,1433.3333333333333,3.968372093023256,1.29,7.622790697674419,2.7816279069767442,2.740406320541761,0.5123456790123457,4.160493827160494,0.660956277166965
2022,BOS,78,84,735,5539,1427,478,1373.0,155,721,352,12,63.0,50.0,4293,1411,526,1346,85,908,2268,0.25762773063729916,6130.0,0.32104404567699835,0.40946019137028344,0.7305042370472818,7.797716150081565,22.39804241435563,0.1518324607329843,1431.0,4.534591194968553,1.3535988819007687,8.465408805031446,3.308176100628931,2.55893536121673,0.48148148148148145,4.537037037037037,0.6697857670524501
2022,CHA,81,81,686,5611,1435,388,1269.0,149,631,272,9,73.0,35.0,4343,1330,533,1450,102,1005,2172,0.25574763856710037,6107.0,0.3104634026526936,0.3870967741935484,0.697560176846242,6.353364990993941,20.77943343703946,0.131349135626448,1447.6666666666667,3.9228643794612017,1.2868984572875892,9.014506101772968,3.313608104996546,2.720450281425891,0.5,4.234567901234568,0.6965468306527909
2022,CLE,92,70,698,5558,1410,450,1122.0,127,560,273,31,81.0,52.0,4368,1252,435,1390,97,979,2126,0.25368837711406983,6141.0,0.3160723009281876,0.3825116948542641,0.6985839957824518,7.327796775769419,18.270639960918416,0.1288233177401943,1456.0,3.4615384615384617,1.1586538461538463,8.592032967032967,2.6888736263736264,3.1954022988505746,0.5679012345679012,4.308641975308642,0.7197890392111901
2022,DET,66,96,557,5378,1240,380,1413.0,110,637,235,27,58.0,44.0,4259,1336,511,1195,94,868,1859,0.23056898475269616,5860.0,0.2863481228668942,0.345667534399405,0.6320156572662992,6.484641638225256,24.112627986348123,0.11509854964670885,1419.6666666666667,4.038271894810988,1.3010096266729279,7.575722000469593,3.239492838694529,2.3385518590998045,0.4074074074074074,3.4382716049382718,0.6614516542703257
2022,HOU,106,56,737,5409,1341,528,1179.0,214,465,284,13,60.0,42.0,4336,1121,458,1524,72,830,2293,0.24792013311148087,6039.0,0.3194237456532539,0.423923091144389,0.7433468367976428,8.743169398907105,19.523099850968702,0.1760029580329081,1445.3333333333333,2.8955258302583027,1.0924815498154983,9.489852398523986,2.851937269372694,3.3275109170305677,0.654320987654321,4.549382716049383,0.7587481517989157
2022,KCA,65,97,640,5437,1327,460,1287.0,138,740,247,38,48.0,44.0,4248,1493,589,1191,82,904,2064,0.24406842008460547,5989.0,0.3063950576056103,0.3796211145852492,0.6860161721908595,7.680748038069794,21.489397228251793,0.13555269450064375,1416.0,4.703389830508475,1.4703389830508475,7.569915254237288,3.7436440677966103,2.0220713073005094,0.4012345679012346,3.950617283950617,0.6457100591715976
2022,LAA,73,89,623,5423,1265,449,1539.0,190,601,219,31,54.0,25.0,4307,1241,540,1383,84,825,2116,0.2332657200811359,5951.0,0.2970929255587296,0.3901899317720819,0.6872828573308115,7.544950428499411,25.86119979835322,0.15692421169094597,1435.6666666666667,3.7675876480148593,1.2405386579986069,8.669839795681447,3.3851869050383097,2.561111111111111,0.4506172839506173,3.845679012345679,0.6948104329120731
2022,MIN,78,84,696,5476,1356,518,1353.0,178,636,269,18,62.0,46.0,4311,1320,468,1336,83,891,2195,0.24762600438276114,6102.0,0.317273025237627,0.4008400292184076,0.7181130544560346,8.489019993444773,22.173058013765978,0.15321402483564647,1437.0,3.9832985386221296,1.244258872651357,8.367432150313153,2.931106471816284,2.8547008547008548,0.48148148148148145,4.296296296296297,0.6930593836131296
2022,NYA,99,63,807,5422,1308,620,1391.0,254,532,225,8,70.0,41.0,4355,1177,444,1459,74,821,2311,0.24123939505717448,6153.0,0.3247196489517309,0.4262264846919956,0.7509461336437264,10.076385503006662,22.606858443035918,0.1849870896348211,1451.6666666666667,3.2982778415614233,1.1166475315729048,9.045464982778416,2.752698048220436,3.286036036036036,0.6111111111111112,4.981481481481482,0.7388685175484546
2022,OAK,60,102,568,5314,1147,433,1389.0,137,717,249,15,59.0,33.0,4279,1394,503,1203,92,746,1837,0.2158449378998871,5839.0,0.28069874978592224,0.34569062852841553,0.6263893783143377,7.415653365302277,23.788319917794144,0.12984569062852844,1426.3333333333333,4.524187894367843,1.3299836410376258,7.590792241177846,3.17387240009348,2.3916500994035785,0.37037037037037035,3.506172839506173,0.646951059931955
2022,SEA,90,72,690,5375,1236,596,1397.0,197,577,229,19,89.0,45.0,4341,1277,447,1391,69,791,2094,0.22995348837209303,6105.0,0.3146601146601147,0.38958139534883723,0.7042415100089519,9.762489762489762,22.882882882882882,0.1596279069767442,1447.0,3.588804422944022,1.1914305459571528,8.651693158258466,2.780234968901175,3.111856823266219,0.5555555555555556,4.2592592592592595,0.6996863565081024
2022,TBA,86,76,666,5412,1294,500,1395.0,139,544,296,17,57.0,31.0,4307,1260,384,1384,84,842,2041,0.23909830007390984,6000.0,0.3085,0.3771249076127125,0.6856249076127126,8.333333333333332,23.25,0.13802660753880266,1435.6666666666667,3.410262363594149,1.1451126073833293,8.676108660320407,2.4072440213605755,3.6041666666666665,0.5308641975308642,4.111111111111111,0.6917370171399335
2022,TEX,68,94,707,5478,1308,456,1446.0,198,673,224,20,47.0,38.0,4305,1345,581,1314,96,866,2166,0.23877327491785322,6019.0,0.3008805449410201,0.3953997809419496,0.6962803258829697,7.576009303871074,24.02392423990696,0.1566265060240964,1435.0,4.220905923344947,1.3421602787456446,8.241114982578397,3.6439024390243904,2.261617900172117,0.41975308641975306,4.364197530864198,0.6789772727272727
2022,TOR,92,70,775,5555,1464,500,1242.0,200,620,307,12,55.0,33.0,4324,1356,424,1390,82,945,2395,0.26354635463546355,6143.0,0.32866677519127463,0.43114311431143115,0.7598098895027058,8.139345596614032,20.21813446198926,0.1675967596759676,1441.3333333333333,3.8714153561517115,1.234967622571693,8.679463459759482,2.647548566142461,3.2783018867924527,0.5679012345679012,4.783950617283951,0.7013989387361312
2022,ARI,74,88,702,5351,1232,531,1341.0,173,676,262,24,60.0,50.0,4290,1345,504,1216,86,773,2061,0.23023733881517475,5992.0,0.30423898531375165,0.3851616520276584,0.6894006373414101,8.861815754339117,22.37983978638184,0.15492431321248365,1430.0,4.254545454545455,1.293006993006993,7.653146853146853,3.172027972027972,2.4126984126984126,0.4567901234567901,4.333333333333333,0.6763570877283251
2022,ATL,101,61,789,5509,1394,470,1498.0,243,556,298,11,66.0,36.0,4344,1224,500,1554,77,842,2443,0.2530404792158286,6081.0,0.31738200953790496,0.4434561626429479,0.7608381721808528,7.728991942114784,24.634106232527543,0.1904156834271193,1448.0,3.455801104972376,1.1906077348066297,9.658839779005525,3.1077348066298343,3.108,0.6234567901234568,4.87037037037037,0.7218717139852786
2022,CHN,74,88,657,5425,1293,507,1448.0,159,642,265,31,84.0,36.0,4331,1342,540,1383,96,838,2097,0.2383410138248848,6052.0,0.3113020489094514,0.3865437788018433,0.6978458277112947,8.377395902181096,23.92597488433576,0.14820276497695853,1443.6666666666667,4.002308935580697,1.3036250288616946,8.621796351881782,3.366428076656661,2.561111111111111,0.4567901234567901,4.055555555555555,0.6681370005189413
2022,CIN,62,100,648,5380,1264,452,1430.0,156,768,235,18,92.0,33.0,4270,1366,612,1414,81,855,2003,0.23494423791821561,5957.0,0.3035084774215209,0.37230483271375464,0.6758133101352755,7.587711935538022,24.00537183145879,0.13736059479553903,1423.3333333333333,4.856206088992974,1.3896955503512882,8.940983606557378,3.8697892271662764,2.310457516339869,0.38271604938271603,4.0,0.6626600470342305
2022,COL,68,94,698,5540,1408,453,1330.0,149,802,280,34,61.0,40.0,4276,1516,539,1187,100,945,2203,0.25415162454873647,6094.0,0.31539218903839844,0.3976534296028881,0.7130456186412866,7.433541188053823,21.824745651460454,0.1435018050541516,1425.3333333333333,5.064078578110384,1.4417680074836297,7.495088868101029,3.403414405986904,2.202226345083488,0.41975308641975306,4.308641975308642,0.6422823701536211
2022,LAN,111,51,847,5526,1418,607,1374.0,212,451,325,31,56.0,53.0,4354,1114,407,1465,83,850,2441,0.2566051393412957,6242.0,0.33338673502082666,0.4417300036192544,0.775116738640081,9.724447292534444,22.012175584748476,0.1851248642779587,1451.3333333333333,2.796738631143776,1.048001837390905,9.084749655489206,2.5238860817638953,3.5995085995085994,0.6851851851851852,5.228395061728395,0.7533183070373153
2022,MIA,69,93,586,5395,1241,436,1429.0,144,617,248,20,70.0,36.0,4312,1311,511,1437,69,829,1961,0.23002780352177943,5937.0,0.2942563584301836,0.3634847080630213,0.6577410664932049,7.343776318005727,24.069395317500422,0.13345690454124187,1437.3333333333333,3.863404452690167,1.2676252319109462,8.997912801484231,3.199675324675325,2.812133072407045,0.42592592592592593,3.617283950617284,0.6796267496111975
2022,MIL,86,76,725,5417,1271,577,1464.0,219,615,251,17,80.0,37.0,4338,1238,521,1530,91,784,2213,0.23463171497138638,6111.0,0.3154966453935526,0.40852870592578916,0.7240253513193418,9.441989854360989,23.956799214531173,0.17389699095440278,1446.0,3.827800829875519,1.2164591977869985,9.522821576763485,3.2427385892116183,2.9366602687140113,0.5308641975308642,4.4753086419753085,0.705648369132856
2022,NYN,101,61,772,5489,1422,510,1217.0,171,570,272,27,112.0,44.0,4316,1274,428,1565,67,952,2261,0.2590635817088723,6155.0,0.3320877335499594,0.41191473856804517,0.7440024721180045,8.285946385052803,19.772542648253452,0.1528511568591729,1438.6666666666667,3.5658016682113067,1.1830398517145504,9.790315106580167,2.677479147358665,3.6565420560747666,0.6234567901234568,4.765432098765432,0.7177322074788902
2022,PHI,87,75,747,5496,1392,478,1363.0,205,630,255,29,52.0,44.0,4285,1330,463,1423,69,903,2320,0.25327510917030566,6070.0,0.31663920922570016,0.42212518195050946,0.7387643911762096,7.874794069192752,22.45469522240527,0.1688500727802038,1428.3333333333333,3.9696616102683784,1.2553092182030339,8.96639439906651,2.9173862310385066,3.0734341252699786,0.5370370370370371,4.611111111111111,0.6993957703927492
2022,PIT,62,100,591,5331,1186,476,1497.0,158,735,221,29,54.0,32.0,4263,1432,586,1250,121,778,1939,0.22247233164509472,5893.0,0.29119294077719327,0.3637216282123429,0.6549145689895361,8.077379942304429,25.40302053283557,0.14124929656724816,1421.0,4.655172413793103,1.4201266713581984,7.916959887403237,3.7114707952146375,2.1331058020477816,0.38271604938271603,3.6481481481481484,0.6237864077669903
2022,SDN,89,73,705,5468,1317,574,1327.0,153,611,275,18,65.0,46.0,4330,1263,468,1451,76,871,2087,0.2408558888076079,6153.0,0.31789371038517794,0.38167520117044623,0.6995689115556242,9.328782707622297,21.566715423370713,0.14081931236283834,1443.3333333333333,3.809930715935335,1.1993071593533489,9.047806004618938,2.91824480369515,3.1004273504273505,0.5493827160493827,4.351851851851852,0.7059990084283589
2022,SFN,81,81,716,5392,1261,571,1462.0,183,613,255,18,95.0,53.0,4299,1397,441,1370,100,805,2101,0.23386498516320475,6111.0,0.31533300605465553,0.3896513353115727,0.7049843413662282,9.343806251022746,23.92407134675176,0.15578635014836795,1433.0,3.8499651081646893,1.2826238660153524,8.604326587578507,2.7697138869504534,3.106575963718821,0.5,4.419753086419753,0.6542105263157895
2022,SLN,93,69,772,5496,1386,537,1226.0,197,605,290,21,80.0,45.0,4307,1335,489,1177,66,878,2309,0.2521834061135371,6158.0,0.32526794413770704,0.42012372634643375,0.7453916704841408,8.720363754465737,19.909061383566094,0.16794032023289662,1435.6666666666667,3.7926631065706986,1.270489900162526,7.378453680055723,3.065474808451358,2.406952965235174,0.5740740740740741,4.765432098765432,0.7076250607090822
2022,WAS,55,107,603,5434,1351,442,1221.0,136,785,252,20,60.0,37.0,4235,1469,558,1220,104,943,2051,0.2486198012513802,5973.0,0.31022936547798424,0.37743835112256163,0.6876677166005458,7.399966515988615,20.441988950276244,0.12881854987118144,1411.6666666666667,5.004722550177095,1.4358913813459266,7.778040141676505,3.5574970484061392,2.186379928315412,0.3395061728395062,3.7222222222222223,0.6507049100631989
2023,BAL,101,61,807,5495,1399,512,1370.0,183,629,309,28,45.0,47.0,4361,1334,473,1431,71,879,2313,0.2545950864422202,6099.0,0.3207083128381702,0.4209281164695177,0.7416364293076879,8.394818822757829,22.462698803082475,0.16633303002729755,1453.6666666666667,3.8942903003898186,1.243063517541848,8.859665214400366,2.9284567759688143,3.025369978858351,0.6234567901234568,4.981481481481482,0.6936575582852845
2023,BOS,78,84,772,5562,1437,486,1372.0,182,718,339,19,71.0,35.0,4290,1416,497,1423,102,897,2360,0.25836030204962246,6154.0,0.32401689957751056,0.42430780294857967,0.7483247025260902,7.897302567435814,22.294442638934026,0.1659475008989572,1430.0,4.518881118881119,1.3377622377622378,8.955944055944055,3.127972027972028,2.86317907444668,0.48148148148148145,4.765432098765432,0.6695523126391294
2023,CHA,61,101,641,5501,1308,377,1424.0,171,774,264,13,52.0,29.0,4295,1372,654,1470,95,860,2111,0.23777495000908927,5959.0,0.29149186105051184,0.38374840938011273,0.6752402704306246,6.326564859875818,23.896626950830676,0.14597345937102346,1431.6666666666667,4.865657741559954,1.4151338766006984,9.240977881257276,4.111292200232828,2.2477064220183487,0.3765432098765432,3.95679012345679,0.6706480304955527
2023,CLE,76,86,662,5513,1379,471,1142.0,124,635,294,29,55.0,44.0,4332,1352,534,1311,83,932,2103,0.2501360420823508,6083.0,0.3131678448134144,0.3814619989116633,0.6946298437250777,7.742890021371034,18.77363143185928,0.13132595682931253,1444.0,3.9577562326869806,1.3060941828254848,8.171052631578947,3.3282548476454292,2.455056179775281,0.4691358024691358,4.08641975308642,0.6944768119319507
2023,DET,78,84,661,5478,1292,508,1473.0,165,680,245,29,49.0,31.0,4327,1320,476,1374,100,853,2090,0.23585250091274187,6066.0,0.3048137157929443,0.3815261044176707,0.686339820210615,8.374546653478404,24.282888229475766,0.14567360350492883,1442.3333333333333,4.24312456667437,1.2452045296972498,8.573607580309684,2.970187196672059,2.8865546218487395,0.48148148148148145,4.080246913580247,0.6757943683802635
2023,HOU,90,72,827,5567,1441,550,1241.0,222,632,280,22,72.0,40.0,4336,1312,537,1460,81,917,2431,0.2588467756421771,6229.0,0.3311928078343233,0.43668043829710795,0.7678732461314313,8.829667683416279,19.92294108203564,0.17783366265493084,1445.3333333333333,3.9354243542435428,1.279289667896679,9.091328413284133,3.343865313653137,2.718808193668529,0.5555555555555556,5.104938271604938,0.7174227799227799
2023,KCA,56,106,676,5428,1325,411,1396.0,163,809,258,43,71.0,58.0,4227,1429,553,1270,80,861,2158,0.24410464259395726,5968.0,0.3027815013404826,0.39756816507000736,0.70034966641049,6.886729222520108,23.39142091152815,0.1534635224760501,1409.0,5.167494677075941,1.4066713981547196,8.112136266855925,3.532292405961675,2.2965641952983726,0.345679012345679,4.172839506172839,0.6572447160682455
2023,LAA,73,89,739,5489,1346,518,1524.0,231,738,248,26,79.0,46.0,4295,1394,636,1445,95,841,2339,0.24521770814355984,6132.0,0.31686236138290935,0.4261249772271816,0.7429873386100909,8.447488584474886,24.853228962818,0.18090726908362179,1431.6666666666667,4.639348079161816,1.417927823050058,9.083818393480792,3.99813736903376,2.2720125786163523,0.4506172839506173,4.561728395061729,0.6671957671957671
2023,MIN,87,75,778,5489,1336,594,1654.0,233,624,264,24,92.0,32.0,4354,1294,443,1560,66,815,2347,0.2433958826744398,6207.0,0.32576123731271145,0.42758243760247766,0.7533436749151892,9.56984050265829,26.647333655550188,0.18418655492803787,1451.3333333333333,3.8695452457510338,1.1968305006890216,9.673863114377584,2.7471290767110705,3.5214446952595937,0.5370370370370371,4.802469135802469,0.689873417721519
2023,NYA,82,80,673,5323,1207,557,1427.0,219,635,221,15,47.0,36.0,4319,1272,508,1439,96,752,2115,0.22675183167386812,5963.0,0.30370618816032197,0.39733233139207214,0.701038519552394,9.340935770585276,23.93090726144558,0.17058049971820402,1439.6666666666667,3.9696689048390827,1.2363973141931002,8.995832368603843,3.175735123871266,2.8326771653543306,0.5061728395061729,4.154320987654321,0.6905467277134393
2023,OAK,50,112,585,5311,1187,498,1496.0,171,865,225,21,85.0,36.0,4259,1464,694,1300,102,770,1967,0.2234983995481077,5930.0,0.2984822934232715,0.3703633967237808,0.6688456901470523,8.397976391231028,25.227655986509273,0.1468649971756731,1419.6666666666667,5.483681615402676,1.5200751350082178,8.241371213899976,4.399624324958911,1.8731988472622478,0.30864197530864196,3.611111111111111,0.6209239130434783
2023,SEA,88,74,758,5500,1332,548,1603.0,210,602,283,12,111.0,37.0,4348,1300,421,1459,73,827,2269,0.2421818181818182,6196.0,0.3213363460296966,0.41254545454545455,0.7338818005751511,8.844415752098127,25.871530019367334,0.17036363636363636,1449.3333333333333,3.738270469181233,1.187442502299908,9.060027598896045,2.614305427782889,3.465558194774347,0.5432098765432098,4.679012345679013,0.687701396348013
2023,TBA,99,63,860,5511,1432,514,1420.0,230,618,282,24,95.0,38.0,4326,1258,439,1507,75,896,2452,0.25984394846670295,6158.0,0.3314387788242936,0.44492832516784614,0.7763671039921398,8.34686586554076,23.05943488145502,0.1850843767011432,1442.0,3.857142857142857,1.1768377253814146,9.405686546463246,2.7399445214979194,3.432801822323462,0.6111111111111112,5.308641975308642,0.7171069505001282
2023,TEX,90,72,881,5595,1470,599,1416.0,233,683,326,18,53.0,47.0,4309,1330,491,1351,57,893,2531,0.26273458445040215,6294.0,0.3371464887194153,0.45236818588025024,0.7895146745996655,9.517000317762948,22.4976167778837,0.1896336014298481,1436.3333333333333,4.279647249941982,1.2678115572058484,8.465305175214667,3.076583894174983,2.75152749490835,0.5555555555555556,5.438271604938271,0.7109942399198598
2023,TOR,89,73,746,5562,1423,550,1303.0,188,610,292,19,69.0,32.0,4355,1326,488,1528,71,924,2317,0.25584322186263936,6213.0,0.3286657009496218,0.416576770945703,0.7452424718953248,8.852406244970224,20.97215515853855,0.16073354908306364,1451.6666666666667,3.7818599311136625,1.2495981630309987,9.47324913892078,3.02548794489093,3.1311475409836067,0.5493827160493827,4.604938271604938,0.7053375578844747
2023,ARI,84,78,746,5436,1359,540,1247.0,166,714,274,44,58.0,50.0,4306,1375,525,1351,56,875,2219,0.25,6084.0,0.32166337935568706,0.4082045621780721,0.7298679415337592,8.875739644970414,20.496383957922422,0.1582045621780721,1435.3333333333333,4.477008824895495,1.3237343241987924,8.471202972596378,3.2919182535996288,2.5733333333333333,0.5185185185185185,4.604938271604938,0.6894181193223667
2023,ATL,104,58,947,5597,1543,538,1289.0,307,662,293,23,67.0,43.0,4320,1341,534,1516,82,920,2803,0.27568340182240486,6245.0,0.34395516413130506,0.5008040021440057,0.8447591662753107,8.614891913530824,20.64051240992794,0.2251206003216008,1440.0,4.1375,1.3020833333333333,9.475,3.3375,2.838951310861423,0.6419753086419753,5.845679012345679,0.7240356083086054
2023,CHN,83,79,819,5504,1399,570,1391.0,196,651,269,30,77.0,52.0,4306,1328,513,1377,92,904,2316,0.25417877906976744,6203.0,0.3298403998065452,0.42078488372093026,0.7506252835274755,9.189102047396421,22.424633241979688,0.16660610465116282,1435.3333333333333,4.08197863446354,1.2826288899210405,8.634231305155597,3.216674407803066,2.6842105263157894,0.5123456790123457,5.055555555555555,0.691609977324263
2023,CIN,82,80,783,5499,1371,556,1500.0,198,772,268,37,92.0,29.0,4318,1426,613,1381,91,868,2307,0.24931805782869612,6176.0,0.326910621761658,0.4195308237861429,0.746441445547801,9.00259067357513,24.287564766839377,0.1702127659574468,1439.3333333333333,4.827234830940251,1.4166280685502548,8.635247799907365,3.833024548402038,2.2528548123980423,0.5061728395061729,4.833333333333333,0.6556135770234988
2023,COL,59,103,721,5496,1368,447,1543.0,163,891,305,31,59.0,41.0,4242,1599,586,1129,81,869,2224,0.24890829694323144,6043.0,0.31011087208340227,0.40465793304221254,0.7147688051256148,7.396988250868773,25.533675326824422,0.1557496360989811,1414.0,5.671145685997171,1.5452616690240453,7.185997171145686,3.7298444130127297,1.9266211604095562,0.36419753086419754,4.450617283950617,0.6040198381623597
2023,LAN,100,62,906,5524,1422,644,1359.0,249,652,303,20,85.0,69.0,4339,1284,454,1388,76,850,2512,0.25742215785662564,6322.0,0.3402404302435938,0.4547429398986242,0.794983370142218,10.18664979436887,21.496361910787726,0.19732078204199854,1446.3333333333333,4.057156026734271,1.2016593685180919,8.637013136667436,2.825074902051164,3.05726872246696,0.6172839506172839,5.592592592592593,0.7212045169385195
2023,MIA,84,78,666,5497,1423,430,1287.0,166,672,258,23,50.0,38.0,4306,1340,514,1490,98,976,2225,0.2588684737129343,6015.0,0.31637572734829594,0.40476623612879753,0.7211419634770935,7.148794679966749,21.39650872817955,0.14589776241586322,1435.3333333333333,4.213655364607525,1.2916860195076638,9.342777519739899,3.222944728286113,2.8988326848249026,0.5185185185185185,4.111111111111111,0.6883880450759432
2023,MIL,92,70,728,5386,1290,591,1412.0,165,595,257,16,58.0,39.0,4329,1218,493,1425,77,852,2074,0.2395098403267731,6074.0,0.3192295027988146,0.3850724099517267,0.7043019127505413,9.729996707276918,23.24662495884096,0.1455625696249536,1443.0,3.711018711018711,1.1857241857241858,8.887733887733887,3.0748440748440746,2.890466531440162,0.5679012345679012,4.493827160493828,0.7063409563409564
2023,NYN,75,87,717,5363,1276,525,1331.0,215,676,221,21,107.0,38.0,4249,1331,595,1397,88,819,2184,0.23792653365653552,6033.0,0.3162605668821482,0.40723475666604514,0.7234953235481933,8.70213823968175,22.06199237526935,0.16930822300950962,1416.3333333333333,4.2955989644622266,1.359849376323841,8.877147564132738,3.780889621087315,2.3478991596638656,0.46296296296296297,4.425925925925926,0.6876783398184176
2023,PHI,90,72,796,5541,1417,539,1481.0,220,646,291,29,69.0,42.0,4327,1318,470,1454,91,877,2426,0.2557300126330987,6191.0,0.3270877079631723,0.43782710702039346,0.7649148149835658,8.70618639961234,23.92182199967695,0.18209709438729477,1442.3333333333333,4.030968338340652,1.2396579616362375,9.072798705800786,2.9327478622602268,3.0936170212765957,0.5555555555555556,4.91358024691358,0.6937145801133436
2023,PIT,76,86,692,5406,1293,556,1464.0,159,731,287,31,58.0,43.0,4290,1380,596,1363,91,816,2119,0.23917869034406217,6063.0,0.3145307603496619,0.3919718830928598,0.7065026434425217,9.170377700808181,24.146462147451757,0.15279319274879763,1430.0,4.600699300699301,1.3818181818181818,8.578321678321679,3.751048951048951,2.2869127516778525,0.4691358024691358,4.271604938271605,0.6570831155253529
2023,SDN,82,80,752,5401,1316,653,1311.0,205,598,273,14,57.0,44.0,4323,1270,557,1445,73,824,2232,0.24365858174412147,6155.0,0.3291632818846466,0.4132568042955008,0.7424200861801474,10.609260763606823,21.299756295694557,0.16959822255137935,1441.0,3.734906315058987,1.2678695350451075,9.024982650936849,3.4788341429562806,2.594254937163375,0.5061728395061729,4.6419753086419755,0.7103588699414609
2023,SFN,79,83,674,5412,1271,544,1492.0,174,641,256,13,81.0,39.0,4304,1395,403,1359,117,828,2075,0.23484848484848486,6076.0,0.3120473996050033,0.38340724316334074,0.695454642768344,8.953258722843977,24.55562870309414,0.14855875831485588,1434.6666666666667,4.0211431226765795,1.2532527881040891,8.525325278810408,2.5281133828996283,3.372208436724566,0.4876543209876543,4.160493827160494,0.6464993394980185
2023,SLN,71,91,719,5510,1376,570,1326.0,209,760,264,12,70.0,37.0,4285,1549,530,1215,67,891,2291,0.24972776769509983,6187.0,0.325844512687894,0.41578947368421054,0.7416339863721045,9.21286568611605,21.432034911912073,0.16606170598911071,1428.3333333333333,4.788798133022171,1.4555425904317387,7.655775962660444,3.339556592765461,2.292452830188679,0.4382716049382716,4.438271604938271,0.6493020937188434
2023,WAS,71,91,700,5522,1401,423,1149.0,151,797,279,26,78.0,38.0,4285,1512,592,1225,90,945,2185,0.2537124230351322,6061.0,0.3138096023758456,0.3956899674031148,0.7094995697789603,6.979046361986471,18.957267777594456,0.1419775443679826,1428.3333333333333,5.02193698949825,1.4730455075845974,7.718786464410735,3.7302217036172696,2.0692567567567566,0.4382716049382716,4.320987654320987,0.6593896713615024
